title,author,text,text_full
Nephew - Amsterdam,Nephew,"et sted derude bag det åbne hav<br>summer det på et andet sprog<br>jeg kender det, selvom jeg aldrig har været der før<br>et andet lys på en regnvåd gade<br>en anden lyd af folk, som er glade<br>jeg savner dem, selvom jeg aldrig har mødt dem før<br>skåler de nu i amsterdam?<br>ta'r de toget ind til hamborg?<br>går de amok i london?<br>danser de rundt nu i paris?<br>kysser de i san fransisco?<br>går de i seng i tokyo?<br>et sted derude<br>drukner de<br>et sted derude<br>sulter de<br>de savner os<br>et sted derude<br>et sted derop' bag de tunge skyer<br>flyver de mod nye byer<br>jeg kender dem, selvom jeg aldrig har været der før<br>en anden luft på en undergrundsstation<br>en drengeflok, der ska' mødes med nogle<br>jeg savner dem, selvom jeg aldrig har mødt dem før<br>...","et sted derude bag det åbne hav
summer det på et andet sprog
jeg kender det, selvom jeg aldrig har været der før
et andet lys på en regnvåd gade
en anden lyd af folk, som er glade
jeg savner dem, selvom jeg aldrig har mødt dem før
skåler de nu i amsterdam?
ta'r de toget ind til hamborg?
går de amok i london?
danser de rundt nu i paris?
kysser de i san fransisco?
går de i seng i tokyo?
et sted derude
drukner de
et sted derude
sulter de
de savner os
et sted derude
et sted derop' bag de tunge skyer
flyver de mod nye byer
jeg kender dem, selvom jeg aldrig har været der før
en anden luft på en undergrundsstation
en drengeflok, der ska' mødes med nogle
jeg savner dem, selvom jeg aldrig har mødt dem før
"
Zar Paulo - Jeg Synes Du Er Dejlig,Zar Paulo,"<br>der er kold spekulation<br>i mit hoved<br>jeg bærer på nogen, jeg bærer på<br>intet specielt<br>et lille minde jeg har gemt i mig selv<br>sidst jeg så dig med ham havde i det godt<br>jeg kan huske jeg tænkte, åh jeg tænkte det nok<br>jeg synes du er dejlig<br>jeg synes du er dejlig<br>jeg synes du er dejlig<br>jeg synes du er dejlig<br>der er ikke mer' at sige<br>du får aldrig<br>det at vide<br>intet specielt<br>et lille minde jeg har gemt i mig selv<br>sidst jeg så dig med ham havde i det godt<br>jeg kan huske jeg tænkte, åh jeg tænkte det nok<br>...","
der er kold spekulation
i mit hoved
jeg bærer på nogen, jeg bærer på
intet specielt
et lille minde jeg har gemt i mig selv
sidst jeg så dig med ham havde i det godt
jeg kan huske jeg tænkte, åh jeg tænkte det nok
jeg synes du er dejlig
jeg synes du er dejlig
jeg synes du er dejlig
jeg synes du er dejlig
der er ikke mer' at sige
du får aldrig
det at vide
intet specielt
et lille minde jeg har gemt i mig selv
sidst jeg så dig med ham havde i det godt
jeg kan huske jeg tænkte, åh jeg tænkte det nok
"
Kim Larsen - Jutlandia,Kim Larsen,"<br>det var i 1949 eller cirka der omkring<br>da der var krig i korea<br>skibet hed jutlandia, og det kom vidt omkring<br>for der var krig i korea<br>udstyret fra kælder til sal<br>som et flydende hospital<br>hey-ho for jutlandia<br>hun kommer som kaldet til slaget<br>hjemme er jægeren hjemvendt fra jagt<br>og sømanden hjemvendt fra havet<br>når drengene de ska' i krig, sejler kvinderne forbi<br>på de røde-kors-malede skibe<br>og lili marleen synger ""auf wiedersehn""<br>når de falder på stribe<br>kanonerne spiller første violin<br>come on, soldier - syng med på melodien<br>hey-ho for jutlandia<br>hun kommer som kaldet til slaget<br>hjemme er jægeren hjemvendt fra jagt<br>og sømanden hjemvendt fra havet<br>...","
det var i 1949 eller cirka der omkring
da der var krig i korea
skibet hed jutlandia, og det kom vidt omkring
for der var krig i korea
udstyret fra kælder til sal
som et flydende hospital
hey-ho for jutlandia
hun kommer som kaldet til slaget
hjemme er jægeren hjemvendt fra jagt
og sømanden hjemvendt fra havet
når drengene de ska' i krig, sejler kvinderne forbi
på de røde-kors-malede skibe
og lili marleen synger ""auf wiedersehn""
når de falder på stribe
kanonerne spiller første violin
come on, soldier - syng med på melodien
hey-ho for jutlandia
hun kommer som kaldet til slaget
hjemme er jægeren hjemvendt fra jagt
og sømanden hjemvendt fra havet
"
Guldimund - Hvordan ser gud ud,Guldimund,"med opmærksomheden rettet mod de nyspartlede huller i min stuevæg<br>irettesætter jeg dig med et tonefald, så hårdt, at det ku' bryde is<br>fordi <br>du<br> spilder noget suppe, jeg har varmet op på det teaktræsbord, jeg lige har købt af en dude på <br>den blå avis<br>jeg sætter tommeltot og langefinger mellem mine øjne<br>lukker dem i cirka ni sekunder, mens jeg ekshalerer dybt<br>lægger hovedet på skrå og ser på dig, før jeg roder rundt i dit grydehår og smiler lidt<br>du rejser dig og danser lidt i stolen<br>jeg siger, du ska’ sæt’ dig ned<br>du siger, jeg skal sige til mor<br>du aldrig gider ‘sove her igen<br>så spurgte du mig, hvordan gud ser ud?<br>det er et virkelig godt spørgsmål, hva’ tror du?<br>du svared’: “jeg tror han bor i en landsby i nordsjælland”<br>jeg parkerer dig i brusenichen med en spand af plastik<br>og legetøj fra br, som vi har valgt sammen første gang, du kom og sov<br>og oppustelige fisk, som lugter lidt af kondomer, tænker jeg, og tænker det er sjovt, jeg tænker det<br>...","med opmærksomheden rettet mod de nyspartlede huller i min stuevæg
irettesætter jeg dig med et tonefald, så hårdt, at det ku' bryde is
fordi 
du
 spilder noget suppe, jeg har varmet op på det teaktræsbord, jeg lige har købt af en dude på 
den blå avis
jeg sætter tommeltot og langefinger mellem mine øjne
lukker dem i cirka ni sekunder, mens jeg ekshalerer dybt
lægger hovedet på skrå og ser på dig, før jeg roder rundt i dit grydehår og smiler lidt
du rejser dig og danser lidt i stolen
jeg siger, du ska’ sæt’ dig ned
du siger, jeg skal sige til mor
du aldrig gider ‘sove her igen
så spurgte du mig, hvordan gud ser ud?
det er et virkelig godt spørgsmål, hva’ tror du?
du svared’: “jeg tror han bor i en landsby i nordsjælland”
jeg parkerer dig i brusenichen med en spand af plastik
og legetøj fra br, som vi har valgt sammen første gang, du kom og sov
og oppustelige fisk, som lugter lidt af kondomer, tænker jeg, og tænker det er sjovt, jeg tænker det
"
Zar Paulo - Tæt På Paradis,Zar Paulo,"mærker mine hænder male datalogi og får åndenød<br>talte om en tunger' kalibrering af din tankevirksomhed åh<br>i morgen er det vinter, drømmer om at find' dig<br>ubemærket fri som du var<br>kigger ned af gaden med alt hvad jeg har, men hvor er dit forsvar ven (ven, ven)<br>vil du identificere min story, myspace og mobilepay<br>du ser kun emojis, offline, jeg står af<br>og hvis du blir konfronteret med dit ansigt, så send det afsted til mig igen<br>så er vi tæt på paradis<br>tror du falder væk, hver gang du falder ud<br>kan ik' se dig mer'<br>tror et øjeblik på, at vi er kommet så langt som vi kan vær'<br>tænker på at sende et svar og fortælle dig, hvad det var<br>tænker på at sende et svar om hvad det var<br>vil du identificere min story, myspace og mobilepay<br>du ser kun emoji's, offline, jeg står af<br>og hvis du blir konfronteret med dit ansigt, så send det afsted til mig igen<br>så er vi tæt på paradis<br>...","mærker mine hænder male datalogi og får åndenød
talte om en tunger' kalibrering af din tankevirksomhed åh
i morgen er det vinter, drømmer om at find' dig
ubemærket fri som du var
kigger ned af gaden med alt hvad jeg har, men hvor er dit forsvar ven (ven, ven)
vil du identificere min story, myspace og mobilepay
du ser kun emojis, offline, jeg står af
og hvis du blir konfronteret med dit ansigt, så send det afsted til mig igen
så er vi tæt på paradis
tror du falder væk, hver gang du falder ud
kan ik' se dig mer'
tror et øjeblik på, at vi er kommet så langt som vi kan vær'
tænker på at sende et svar og fortælle dig, hvad det var
tænker på at sende et svar om hvad det var
vil du identificere min story, myspace og mobilepay
du ser kun emoji's, offline, jeg står af
og hvis du blir konfronteret med dit ansigt, så send det afsted til mig igen
så er vi tæt på paradis
"
Ukendt Kunstner - Fucking Nummer,Ukendt Kunstner,"<br>haha yeah, ho's snakker lort i mit øre<br>de tror, de si’r de ting, en ung spiller vil høre<br>men jeg har hørt alle linjerne før<br>og jeg’ den bedst', så det bli'r ved til den dag, hvor jeg dør<br>indenfor med solbriller og smøghvæs<br>man skulle tro, jeg havde solen i mit fjæs<br>en pige siger til mig, jeg er hvid rundt om min næse<br>men hør her so, hør her so, du må være helt blæst<br>åh min gud, åh min gud, hvem er hende der? få hende ud<br>hvis det ikk' går hurtigt nok, så må vi ringe efter et bud<br>vi' så blæst, helt derude, fri for regn og sne og slud<br>men folk si’r til mig, jeg ligner rudolf med den røde tud<br>oh, la', la’ mig forklar', der' ingen dikkedar’<br>haderne kom tæt på, men fik ikke nogen cigar<br>de vil alle slå ihjel for at have stilen, som vi har<br>vi vil overtage spillet, så vi’ ikke nogen vikar’<br>dj'en spiller, mens bartenderen hælder på mig<br>jeg’ endnu en dag ældre, men jeg føler jeg bli'r dummere<br>jeg burd’ egentlig smutte hjem, jeg har en dame, der venter på mig<br>men vent lige, det her det' mit fucki...","
haha yeah, ho's snakker lort i mit øre
de tror, de si’r de ting, en ung spiller vil høre
men jeg har hørt alle linjerne før
og jeg’ den bedst', så det bli'r ved til den dag, hvor jeg dør
indenfor med solbriller og smøghvæs
man skulle tro, jeg havde solen i mit fjæs
en pige siger til mig, jeg er hvid rundt om min næse
men hør her so, hør her so, du må være helt blæst
åh min gud, åh min gud, hvem er hende der? få hende ud
hvis det ikk' går hurtigt nok, så må vi ringe efter et bud
vi' så blæst, helt derude, fri for regn og sne og slud
men folk si’r til mig, jeg ligner rudolf med den røde tud
oh, la', la’ mig forklar', der' ingen dikkedar’
haderne kom tæt på, men fik ikke nogen cigar
de vil alle slå ihjel for at have stilen, som vi har
vi vil overtage spillet, så vi’ ikke nogen vikar’
dj'en spiller, mens bartenderen hælder på mig
jeg’ endnu en dag ældre, men jeg føler jeg bli'r dummere
jeg burd’ egentlig smutte hjem, jeg har en dame, der venter på mig
men vent lige, det her det' mit fucking nummer
dj'en spiller, mens bartenderen hælder på mig
jeg’ endnu en dag ældre, men jeg føler jeg bli’r dummere
jeg burd’ egentlig smutte hjem, jeg har en dame, der venter på mig
men vent lige, det her det' mit fucking nummer
"
Kim Larsen - Om Lidt,Kim Larsen,"<br>om lidt bli'r her stille<br>om lidt er det forbi<br>fik du set det, du ville?<br>fik du hørt din melodi?<br>forladt og alene<br>danser cirkusprinsessen rundt<br>går i stå på sin line<br>i et sanseløst sekund<br>om lidt, om lidt<br>er vi borte<br>vi ses måske igen<br>om lidt bli'r her stille<br>om lidt er det forbi<br>fik du set det, du ville?<br>fik du hørt din melodi?<br>om lidt, om lidt<br>er vi borte<br>vi ses måske igen<br>om lidt, om lidt<br>er vi borte<br>vi ses måske igen<br>...","
om lidt bli'r her stille
om lidt er det forbi
fik du set det, du ville?
fik du hørt din melodi?
forladt og alene
danser cirkusprinsessen rundt
går i stå på sin line
i et sanseløst sekund
om lidt, om lidt
er vi borte
vi ses måske igen
om lidt bli'r her stille
om lidt er det forbi
fik du set det, du ville?
fik du hørt din melodi?
om lidt, om lidt
er vi borte
vi ses måske igen
om lidt, om lidt
er vi borte
vi ses måske igen
"
Guldimund - Det Kun Vigtigt Hvad Det Er,Guldimund,"fuck det<br>nu vælter solen ind<br>og fortryller alle støvkorn på min bordplade<br>det' helt okay at være til<br>luften sitrer, når jeg rører ved din overflade<br>det' weird at tænk' på, du' en anden, så jeg prøver at la' være<br>men du' ligeglad med, hva' det ligner - det' kun vigtigt, hva' det er<br>ahh-ha<br>ha-ahh-ahh-ahh-ahh-aahh-ah<br>fuck det<br>nu lukker jeg dig ind<br>for jeg smelter af den måde, du si'r hej på<br>det' nok til, jeg ringеr op igen<br>foruden toogtyve mådеr, du er dig på<br>det' weird at tænk' på, du' en anden, så jeg prøver at la' være<br>men du' ligeglad med, hva' det ligner - det' kun vigtigt, hva' det er<br>...","fuck det
nu vælter solen ind
og fortryller alle støvkorn på min bordplade
det' helt okay at være til
luften sitrer, når jeg rører ved din overflade
det' weird at tænk' på, du' en anden, så jeg prøver at la' være
men du' ligeglad med, hva' det ligner - det' kun vigtigt, hva' det er
ahh-ha
ha-ahh-ahh-ahh-ahh-aahh-ah
fuck det
nu lukker jeg dig ind
for jeg smelter af den måde, du si'r hej på
det' nok til, jeg ringеr op igen
foruden toogtyve mådеr, du er dig på
det' weird at tænk' på, du' en anden, så jeg prøver at la' være
men du' ligeglad med, hva' det ligner - det' kun vigtigt, hva' det er
"
The Minds Of 99 - Som Fluer,The Minds Of 99,"bare jeg havde vidst<br>da jeg så dig sidst<br>at du havde mistet troen på, at du ku' finde vejen<br>så ku' jeg ha' sagt, at der er mange andre ligesom dig<br>er der det? (ja) mmh<br>er der det? mmh<br>er du narkoman?<br>sig det nu, for fa'en<br>sig mig, har du mistet troen på, at du ka' finde vej?<br>der er mange andre, der er narkomaner ligesom dig<br>er der ikk'? (er der ikk'?) mmh<br>er der ikk'? (er der ikk'?) mmh-hmm<br>al' min' venner falder ligesom fluer<br>al' min' venner falder på den første sommerdag<br>al' min' venner falder ligesom fluer (ligesom fluer)<br>al' min' venner falder, fang dem før de falder<br>al' min' venner falder ligesom fluer<br>al' min' venner falder på den første sommerdag<br>al' min' venner falder ligesom fluer (ligesom fluer)<br>al' min' venner falder, fang dem før de falder<br>...","bare jeg havde vidst
da jeg så dig sidst
at du havde mistet troen på, at du ku' finde vejen
så ku' jeg ha' sagt, at der er mange andre ligesom dig
er der det? (ja) mmh
er der det? mmh
er du narkoman?
sig det nu, for fa'en
sig mig, har du mistet troen på, at du ka' finde vej?
der er mange andre, der er narkomaner ligesom dig
er der ikk'? (er der ikk'?) mmh
er der ikk'? (er der ikk'?) mmh-hmm
al' min' venner falder ligesom fluer
al' min' venner falder på den første sommerdag
al' min' venner falder ligesom fluer (ligesom fluer)
al' min' venner falder, fang dem før de falder
al' min' venner falder ligesom fluer
al' min' venner falder på den første sommerdag
al' min' venner falder ligesom fluer (ligesom fluer)
al' min' venner falder, fang dem før de falder
"
The Minds Of 99 - Hurtige Hænder,The Minds Of 99,"<br>noget er på vej - ikk' i rute, men på vej<br>broerne brænder, vi drikker vin og danser tæt<br>bygger luftkasteller, lever og elsker som mennesker<br>du er bekymringsløs, det er jeg vild med<br>jeg elsker den måde, du er dig på<br>bare jeg kendte dig<br>hurtige hænder, hurtige fødder<br>lever og ånder, danser og synger<br>tag mine hænder, mine hurtige hænder<br>føl mine læber, kys mig og elsk mig<br>dj’ens lyd er subsonisk<br>, men det' dig, jeg elsker<br>flammerne spejles i vandet<br>jeg ka' se dine molekyler, dit inderste indre<br>jeg tror, jeg kender dig<br>hurtige hænder, hurtige fødder<br>lever og ånder, danser og synger<br>tag mine hænder, mine hurtige hænder<br>og føl mine læber, kys mig og elsk mig<br>...","
noget er på vej - ikk' i rute, men på vej
broerne brænder, vi drikker vin og danser tæt
bygger luftkasteller, lever og elsker som mennesker
du er bekymringsløs, det er jeg vild med
jeg elsker den måde, du er dig på
bare jeg kendte dig
hurtige hænder, hurtige fødder
lever og ånder, danser og synger
tag mine hænder, mine hurtige hænder
føl mine læber, kys mig og elsk mig
dj’ens lyd er subsonisk
, men det' dig, jeg elsker
flammerne spejles i vandet
jeg ka' se dine molekyler, dit inderste indre
jeg tror, jeg kender dig
hurtige hænder, hurtige fødder
lever og ånder, danser og synger
tag mine hænder, mine hurtige hænder
og føl mine læber, kys mig og elsk mig
"
Medina - Kl 10,Medina,"det gør så ondt indeni<br>når jeg ved, du ikk' er her for at bli'<br>jeg tror, at jeg har ventet hele livet på dig<br>du er ikke rigtigt min<br>for når du ta'r hjem til hende<br>og hun kysser dig på kinden<br>det brænder indeni, slår mig ihjel<br>du ikk' er her<br>når jeg burde være din kvinde<br>og hos mig du hører hjemme<br>det er ikke sådan her, jeg troede<br>kærlighed skulle være<br>kærligheden banker indeni<br>vil så gerne ud, men jeg må bli'<br>bare til i aften kl. 10<br>for der slår du op, åh-oh<br>kærligheden banker indeni<br>stoler på du, gør det, så at vi<br>ses i aften efter kl. 10<br>når du har slået op, åh-oh<br>...","det gør så ondt indeni
når jeg ved, du ikk' er her for at bli'
jeg tror, at jeg har ventet hele livet på dig
du er ikke rigtigt min
for når du ta'r hjem til hende
og hun kysser dig på kinden
det brænder indeni, slår mig ihjel
du ikk' er her
når jeg burde være din kvinde
og hos mig du hører hjemme
det er ikke sådan her, jeg troede
kærlighed skulle være
kærligheden banker indeni
vil så gerne ud, men jeg må bli'
bare til i aften kl. 10
for der slår du op, åh-oh
kærligheden banker indeni
stoler på du, gør det, så at vi
ses i aften efter kl. 10
når du har slået op, åh-oh
"
Zar Paulo - Stop Believing,Zar Paulo,"en p-plads blank af regn<br>og alting rører dig<br>præcis som det står skrevet<br>og som det bli'r fortalt<br>går du i ét med havet<br>det gennemlyser alt<br>tænder radioen på en kystvej<br>20'erne er tilbage for at køre den med dig<br>stop believing (stop believing)<br>stop believing (ah, ah)<br>stop believing (stop believing)<br>stop believing<br>og venner ringer tit<br>de si'r, du er gået for vidt<br>og du har så meget at sige<br>men ingen vil høre mer'<br>om hvem du er indeni<br>når det ikk' er det, de ser<br>...","en p-plads blank af regn
og alting rører dig
præcis som det står skrevet
og som det bli'r fortalt
går du i ét med havet
det gennemlyser alt
tænder radioen på en kystvej
20'erne er tilbage for at køre den med dig
stop believing (stop believing)
stop believing (ah, ah)
stop believing (stop believing)
stop believing
og venner ringer tit
de si'r, du er gået for vidt
og du har så meget at sige
men ingen vil høre mer'
om hvem du er indeni
når det ikk' er det, de ser
"
Anne Linnet - Barndommens Gade,Anne Linnet,"jeg<br> er <br>din barndoms gade<br>jeg er <br>dit væsens rod<br>jeg er den bankende rytme<br>i alt hvad du længes mod<br>jeg er din mors grå hænder<br>og din fars bekymrede sind<br>jeg er de tidligste drømmes<br>lette, tågede spind<br>jeg gav dig min store alvor<br>en dag du var vildt forladt<br>jeg dryssed' lidt vemod i sindet<br>en drivende regnvejrsnat<br>jeg slog dig engang til jorden<br>for at gøre dit hjerte hårdt<br>men jeg rejste dig varligt op igen<br>og tørrede tårerne bort<br>det er mig, der har lært dig at hade<br>jeg lærte dig hårdhed og spot<br>jeg ga' dig de stærkeste våben<br>du ska' vide at bruge dem godt<br>jeg ga' dig de vagtsomme øjne<br>på dem ska' du kendes igen<br>møder du en med det samme blik<br>ska' du vide, han er din ven<br>...","jeg
 er 
din barndoms gade
jeg er 
dit væsens rod
jeg er den bankende rytme
i alt hvad du længes mod
jeg er din mors grå hænder
og din fars bekymrede sind
jeg er de tidligste drømmes
lette, tågede spind
jeg gav dig min store alvor
en dag du var vildt forladt
jeg dryssed' lidt vemod i sindet
en drivende regnvejrsnat
jeg slog dig engang til jorden
for at gøre dit hjerte hårdt
men jeg rejste dig varligt op igen
og tørrede tårerne bort
det er mig, der har lært dig at hade
jeg lærte dig hårdhed og spot
jeg ga' dig de stærkeste våben
du ska' vide at bruge dem godt
jeg ga' dig de vagtsomme øjne
på dem ska' du kendes igen
møder du en med det samme blik
ska' du vide, han er din ven
"
Ukendt Kunstner - Spor 6,Ukendt Kunstner,"<br>helt forfra<br>yeah, yeah, yeah, yeah<br>efterladt på et dørtrin med et smørret grin, var det klart fra start<br>jeg sku' ikke tjene mine penge på en kaffebar<br>karatespark lige i fjæset på det smarte barn i børnehaveklassen<br>støder massen som en gammelfar<br>og det smarte var, hver gang jeg lavede harakat<br>sagde lærerne: ""hva' laver du?"", jeg svarede bare, ""hva'be'har?""<br>sværger, at det ikke var mig, det var min kammerat<br>selv min mormor sagde, at jeg var verdens værste barnebarn<br>nu er jeg på rov med et strømdrevet apparat<br>mig og dødens engel vi' et meget særligt makkerpar<br>fanger dig, slagter dig, nakker dig og hakker dig<br>stopper ikke før jeg ups-fragter dig<br>ta'r streger i baren med yahya hassan<br>g, han er fucked up, han siger, det' ham, der ejer bazaren<br>yahya hassan<br>så, det' bedst at løbe for mit næste køb bli'r vest og gøb<br>hvis ingen løslader den mest eftersøgte mesterskytte<br>...","
helt forfra
yeah, yeah, yeah, yeah
efterladt på et dørtrin med et smørret grin, var det klart fra start
jeg sku' ikke tjene mine penge på en kaffebar
karatespark lige i fjæset på det smarte barn i børnehaveklassen
støder massen som en gammelfar
og det smarte var, hver gang jeg lavede harakat
sagde lærerne: ""hva' laver du?"", jeg svarede bare, ""hva'be'har?""
sværger, at det ikke var mig, det var min kammerat
selv min mormor sagde, at jeg var verdens værste barnebarn
nu er jeg på rov med et strømdrevet apparat
mig og dødens engel vi' et meget særligt makkerpar
fanger dig, slagter dig, nakker dig og hakker dig
stopper ikke før jeg ups-fragter dig
ta'r streger i baren med yahya hassan
g, han er fucked up, han siger, det' ham, der ejer bazaren
yahya hassan
så, det' bedst at løbe for mit næste køb bli'r vest og gøb
hvis ingen løslader den mest eftersøgte mesterskytte
"
Kim Larsen - Midt Om Natten,Kim Larsen,"<br>strisserne kom, før vi ventede dem<br>midt om natten<br>så mig og min baby vi var på den igen<br>midt om natten<br>de kylede gas gennem vinduerne<br>så tårerne de trillede i stuerne, åh ja<br>midt om natten<br>midt om natten<br>det næste, der skete, tør jeg ikke tænke på<br>midt om natten<br>en fyr, vi kaldte spacy, tog den ud i det blå<br>midt om natten<br>han ramte gaden fra en femte sal<br>det' ikke vores skyld, han var bare bindegal<br>sagde strisserne<br>midt om natten<br>midt om natten<br>de lukked' os ud, da klokken den var cirka tre<br>midt om natten<br>de sagde: ""gå nu hjem"", men vi spurgte: ""hvor er det?""<br>midt om natten<br>nu glæder jeg mig, til jeg bli'r en gammel mand<br>så får jeg nok et værelse med lys og med vand<br>og der kommer strisserne vel næppe på besøg igen<br>midt om natten<br>midt om natten<br>midt om natten<br>midt om natten<br>...","
strisserne kom, før vi ventede dem
midt om natten
så mig og min baby vi var på den igen
midt om natten
de kylede gas gennem vinduerne
så tårerne de trillede i stuerne, åh ja
midt om natten
midt om natten
det næste, der skete, tør jeg ikke tænke på
midt om natten
en fyr, vi kaldte spacy, tog den ud i det blå
midt om natten
han ramte gaden fra en femte sal
det' ikke vores skyld, han var bare bindegal
sagde strisserne
midt om natten
midt om natten
de lukked' os ud, da klokken den var cirka tre
midt om natten
de sagde: ""gå nu hjem"", men vi spurgte: ""hvor er det?""
midt om natten
nu glæder jeg mig, til jeg bli'r en gammel mand
så får jeg nok et værelse med lys og med vand
og der kommer strisserne vel næppe på besøg igen
midt om natten
midt om natten
midt om natten
midt om natten
"
Guldimund - Forstår du,Guldimund,"“hva' er det, der ikke er retfærdigt?” spørg' hun, mens hun læner sig ind over bordet<br>“du valgt' jo selv at gå”<br>“hva' er det, der ikke er retfærdigt?” gentager hun “hør lig' her, jeg har rigtig mange sager, som er meget vær' end din”<br>“det hjælper jo selvfølgelig ikk' dig, men din ordning er fin”<br>forstår du?<br>den er rigtig fin<br>forstår du?<br>forstår du?<br>forstår du?<br>i de her sager, hvor barnet er så lille, vil man højst sandsynligt i langt de fleste tilfælde vurdere, at barnet har størst tilknytning til moren<br>(tilknytning til moren, tilknytning til moren)<br>det var hende, der gik på barsel, var det ikk'?<br>jeg hører højlydte stemmer bag en skydevæg<br>fornemmer jeg et skvæt bebrejdelse i hendes blik?<br>hva' ærgrer du dig for, det' ikk' sådan landet ligger<br>og den ret til delt bopæl, du har læst om på en hjemmesid', eksisterer bare ikke i virk'ligheden<br>hun ka' tage ham med til thisted, men du får seks ugers varsel i din e-boks<br>“det hjælper jo selvfølgelig ikk' dig, men din ordning er fin”<br>...","“hva' er det, der ikke er retfærdigt?” spørg' hun, mens hun læner sig ind over bordet
“du valgt' jo selv at gå”
“hva' er det, der ikke er retfærdigt?” gentager hun “hør lig' her, jeg har rigtig mange sager, som er meget vær' end din”
“det hjælper jo selvfølgelig ikk' dig, men din ordning er fin”
forstår du?
den er rigtig fin
forstår du?
forstår du?
forstår du?
i de her sager, hvor barnet er så lille, vil man højst sandsynligt i langt de fleste tilfælde vurdere, at barnet har størst tilknytning til moren
(tilknytning til moren, tilknytning til moren)
det var hende, der gik på barsel, var det ikk'?
jeg hører højlydte stemmer bag en skydevæg
fornemmer jeg et skvæt bebrejdelse i hendes blik?
hva' ærgrer du dig for, det' ikk' sådan landet ligger
og den ret til delt bopæl, du har læst om på en hjemmesid', eksisterer bare ikke i virk'ligheden
hun ka' tage ham med til thisted, men du får seks ugers varsel i din e-boks
“det hjælper jo selvfølgelig ikk' dig, men din ordning er fin”
"
Sanne Salomonsen - Hvis Du Forstod,Sanne Salomonsen,"endnu en nat, alene uden dig<br>ingen besked, om hvor du gemmer dig<br>jeg kender dig nu, kender dine øjne<br>jeg kender dit forsvar, og dine løgne<br>jeg ved, hvem du er<br>og jeg kan mærke dig<br>du' en tåre på min kind<br>og du' en del af mig<br>jeg kender dig nu, kender dine øjne<br>åh-uh-åhh<br>jeg kender dit forsvar, og dine løgne<br>hvis du ku' se, hva' du har gjort<br>hvis du forstod, hvor ondt det gør<br>når det man troed' var paradis, det er koldt som is<br>endnu en nat (ja), alene uden dig<br>ingen besked, om hvor du gemmer dig<br>...","endnu en nat, alene uden dig
ingen besked, om hvor du gemmer dig
jeg kender dig nu, kender dine øjne
jeg kender dit forsvar, og dine løgne
jeg ved, hvem du er
og jeg kan mærke dig
du' en tåre på min kind
og du' en del af mig
jeg kender dig nu, kender dine øjne
åh-uh-åhh
jeg kender dit forsvar, og dine løgne
hvis du ku' se, hva' du har gjort
hvis du forstod, hvor ondt det gør
når det man troed' var paradis, det er koldt som is
endnu en nat (ja), alene uden dig
ingen besked, om hvor du gemmer dig
"
Lis Sørensen - Verden I Farver,Lis Sørensen,"havet er<br>så blåt, som et øje kan se<br>aldrig vil jeg glemme det<br>jeg så<br>livet kom<br>og tog mig tilbage igen<br>aldrig vil jeg glemme<br>havets blå<br>verden er i farver nu<br>og siden da<br>har havet haft bolig i mig<br>altid vil jeg huske det<br>jeg så<br>for bølgernes brus<br>beruser mig<br>nok til at vende tilbage<br>til livet igen<br>...","havet er
så blåt, som et øje kan se
aldrig vil jeg glemme det
jeg så
livet kom
og tog mig tilbage igen
aldrig vil jeg glemme
havets blå
verden er i farver nu
og siden da
har havet haft bolig i mig
altid vil jeg huske det
jeg så
for bølgernes brus
beruser mig
nok til at vende tilbage
til livet igen
"
Anne Linnet - Glor På Vinduer,Anne Linnet,"jeg går igennem gaderne<br>jeg kigger lidt på vinduer<br>jeg ser ikke andet end dig<br>du kommer dansende mod mig<br>du har slet ikke noget tøj på<br>og det' der ingen andre, der ka' se<br>de tror, jeg går og glor på vinduer<br>jeg tænker kun på dig og det<br>alt det, vi gør, når vi er sammen<br>alt det, jeg aldrig vil kunne sige<br>de billeder, der gør jeg ryster<br>og mærker, der' vulkaner indeni<br>jeg tror slet ikke, jeg ka' styre det<br>det' farligt både for krop og sjæl<br>men der er ikke noget at gøre<br>vulkaner spørg' jo ikk' om noget, vel?<br>jeg hører lyde fra en anden verden<br>jeg hører kalden, og jeg hører noget—<br>der minder mig om bølger, når de sukker<br>når stranden, de har længtes efter, den er nået<br>ja, det er næsten som en sommerdag<br>hvor stranden brænder, og alting er ild<br>vi glider gennem vandet af hinanden<br>af kroppe og hænder, der er faret vild<br>...","jeg går igennem gaderne
jeg kigger lidt på vinduer
jeg ser ikke andet end dig
du kommer dansende mod mig
du har slet ikke noget tøj på
og det' der ingen andre, der ka' se
de tror, jeg går og glor på vinduer
jeg tænker kun på dig og det
alt det, vi gør, når vi er sammen
alt det, jeg aldrig vil kunne sige
de billeder, der gør jeg ryster
og mærker, der' vulkaner indeni
jeg tror slet ikke, jeg ka' styre det
det' farligt både for krop og sjæl
men der er ikke noget at gøre
vulkaner spørg' jo ikk' om noget, vel?
jeg hører lyde fra en anden verden
jeg hører kalden, og jeg hører noget—
der minder mig om bølger, når de sukker
når stranden, de har længtes efter, den er nået
ja, det er næsten som en sommerdag
hvor stranden brænder, og alting er ild
vi glider gennem vandet af hinanden
af kroppe og hænder, der er faret vild
"
The Minds Of 99 - Solkongen,The Minds Of 99,"<br>dagen er bare til besvær<br>min ven, du står op, men hva' ska' du nu her?<br>er du bang' for, du bare gør den værre?<br>men hvem er det, der nærmer sig?<br>en måneprinsesse mod en solkonge som dig<br>smelter i to sammen?<br>så 'det helt sikkert helt slut med mig<br>og hun ta'r dig ind<br>hjem i seng, ja ja<br>og hun ligner dig<br>ja, hun ligner dig<br>ja, hvem er det, der nærmer sig?<br>en måneprinsesse mod en solkonge som dig<br>smelter i to sammen?<br>så 'det helt slut med mørke og så helt slut med mig<br>og hun ta'r dig ind<br>med sin kind, ja ja<br>så hun ligner dig<br>hun er rund ligesom dig<br>...","
dagen er bare til besvær
min ven, du står op, men hva' ska' du nu her?
er du bang' for, du bare gør den værre?
men hvem er det, der nærmer sig?
en måneprinsesse mod en solkonge som dig
smelter i to sammen?
så 'det helt sikkert helt slut med mig
og hun ta'r dig ind
hjem i seng, ja ja
og hun ligner dig
ja, hun ligner dig
ja, hvem er det, der nærmer sig?
en måneprinsesse mod en solkonge som dig
smelter i to sammen?
så 'det helt slut med mørke og så helt slut med mig
og hun ta'r dig ind
med sin kind, ja ja
så hun ligner dig
hun er rund ligesom dig
"
Ukendt Kunstner - Stein Bagger,Ukendt Kunstner,"<br>perkerne på blokken har pistoler på sig<br>og de trækker dem, hvis de ikk' stoler på dig<br>ta'r dine ting fra dig<br>, <br>ja, de si'r, ""blocka, blocka""<br>prøver at ram' en milliard ligesom stein bagger<br>stein bagger, stein bagger<br>prøver at ram' en milliard ligesom stein bagger<br>stein bagger, stein bagger<br>prøver at ram' en milliard ligesom stein bagger<br>stein bagger<br>stein bagger<br>stein bagger<br>prøver at ram' en milliard ligesom stein bagger<br>jeg' fra bananrepublikken, ba-ba-bananrepublikken<br>da jeg var lille og sulten, m-m-men nu dræber jeg miccen<br>je-jeg var fattig og mager, nu har jeg damer på pikken<br>pim-pimper hoes med så store røve, at de standser trafikken<br>f-f-flygtet fra borgerkrig, d-d-det' derfor, jeg stammer<br>prøver at ram' en milliard ligesom s-s-stein bagger<br>ku' aldrig drøm' om at stå derude i regnen i frakker<br>vil hellere sidde i en mercer købt af salget fra pakker<br>ligesom d-e-r skubber hårde hvidevarer<br>(ligesom d-e-r skubber hårde hvidevarer)<br>hvis nogen spørg', så ved du ikk', hvor du får det h...","
perkerne på blokken har pistoler på sig
og de trækker dem, hvis de ikk' stoler på dig
ta'r dine ting fra dig
, 
ja, de si'r, ""blocka, blocka""
prøver at ram' en milliard ligesom stein bagger
stein bagger, stein bagger
prøver at ram' en milliard ligesom stein bagger
stein bagger, stein bagger
prøver at ram' en milliard ligesom stein bagger
stein bagger
stein bagger
stein bagger
prøver at ram' en milliard ligesom stein bagger
jeg' fra bananrepublikken, ba-ba-bananrepublikken
da jeg var lille og sulten, m-m-men nu dræber jeg miccen
je-jeg var fattig og mager, nu har jeg damer på pikken
pim-pimper hoes med så store røve, at de standser trafikken
f-f-flygtet fra borgerkrig, d-d-det' derfor, jeg stammer
prøver at ram' en milliard ligesom s-s-stein bagger
ku' aldrig drøm' om at stå derude i regnen i frakker
vil hellere sidde i en mercer købt af salget fra pakker
ligesom d-e-r skubber hårde hvidevarer
(ligesom d-e-r skubber hårde hvidevarer)
hvis nogen spørg', så ved du ikk', hvor du får det her fra
(hvis nogen spørg', så ved du ikk', hvor du får det her fra)
for vi ruller med et stort slæng sammen med sivas
de der sort' penge de bli'r hvidvasked'
blod på min krigssti er roser på din ligkist'
politiet henter mig, nu 'jeg spærret inde
sidder i en iso-celle med et hærget sind
"
Guldimund - Dem Vi Plejede At Være,Guldimund,"ved du godt at der er noget galt med dig?<br>spørger jeg, men du vender om og går din vej<br>for du har gennemskuet mig<br>jeg gir det lille figentræ et hidsigt dask<br>så knuser jeg et enkelt lillebitte glas<br>mod siderne i vores køkkenvask<br>jeg tar mig til hovedet mens jeg skærer tænder<br>river mig i kinderne med begge hænder<br>er vi stadig venner?<br>det flår os i stykker<br>sparker os når vi ligger på alle fire<br>og leder efter dem vi plejede at være<br>derinde et sted bag de kolde blik<br>jeg ved hvem du er, men jeg kender dig ikk'<br>og før vi rykker os<br>før at det hele kan lykkes og gå op<br>må vi lede efter dem vi plejede at være<br>derinde sted bag det kolde blik<br>jeg ved hvem du er, og jeg opgir ikk'<br>jeg kan ikke råbe højt for drengen sover<br>så jeg prøver på at flå en karklud over<br>selvom kopper, der bliver knust lyder sjovere<br>så i stedet tømmer jeg opvaskemaskinen<br>og sætter tallerkner, bestik og glas på plads på hylden<br>mens jeg hvæser det er din skyld, det er din skyld<br>og jeg river vores uge-planner ned<br>men undgår at be...","ved du godt at der er noget galt med dig?
spørger jeg, men du vender om og går din vej
for du har gennemskuet mig
jeg gir det lille figentræ et hidsigt dask
så knuser jeg et enkelt lillebitte glas
mod siderne i vores køkkenvask
jeg tar mig til hovedet mens jeg skærer tænder
river mig i kinderne med begge hænder
er vi stadig venner?
det flår os i stykker
sparker os når vi ligger på alle fire
og leder efter dem vi plejede at være
derinde et sted bag de kolde blik
jeg ved hvem du er, men jeg kender dig ikk'
og før vi rykker os
før at det hele kan lykkes og gå op
må vi lede efter dem vi plejede at være
derinde sted bag det kolde blik
jeg ved hvem du er, og jeg opgir ikk'
jeg kan ikke råbe højt for drengen sover
så jeg prøver på at flå en karklud over
selvom kopper, der bliver knust lyder sjovere
så i stedet tømmer jeg opvaskemaskinen
og sætter tallerkner, bestik og glas på plads på hylden
mens jeg hvæser det er din skyld, det er din skyld
og jeg river vores uge-planner ned
men undgår at beskadige gulve og vægge i vores lejlighed
for vi vil ha depositummet med
"
Kim Larsen - Langebro,Kim Larsen,"da jeg gik ud over langebro<br>en tidlig mandag morgen<br>da så jeg en, der stod og græd<br>hvis du tør, så kom med mig<br>jeg gik forbi dæmonernes port<br>ud for kofoed skole<br>der stod en hel flok og drak sig ihjel<br>hvis du tør, så kom med mig<br>jeg mødte en, der gik rundt med ""vågn op""<br>hun var jehovas vidne<br>hun råbte: ""jorden går under i dag""<br>så hvis du tør, så kom med mig<br><br>jeg så en kvinde, der løb efter sin mand<br>hun havde så skønne øjne<br>hun råbte: ""hey, du har stjålet mit liv""<br>så hvis du tør, så kom med mig<br>hvis du tør, så kom med mig<br>hvis du tør, så kom med mig<br>...","da jeg gik ud over langebro
en tidlig mandag morgen
da så jeg en, der stod og græd
hvis du tør, så kom med mig
jeg gik forbi dæmonernes port
ud for kofoed skole
der stod en hel flok og drak sig ihjel
hvis du tør, så kom med mig
jeg mødte en, der gik rundt med ""vågn op""
hun var jehovas vidne
hun råbte: ""jorden går under i dag""
så hvis du tør, så kom med mig

jeg så en kvinde, der løb efter sin mand
hun havde så skønne øjne
hun råbte: ""hey, du har stjålet mit liv""
så hvis du tør, så kom med mig
hvis du tør, så kom med mig
hvis du tør, så kom med mig
"
Zar Paulo - Stop Believing  beta version,Zar Paulo,"<br>en p-plads blank af regn<br>og alting rører dig<br>præcis som det står skrevet<br>og som det bli'r fortalt<br>går du i ét med havet<br>det gennemlyser alt<br>tænder radioen på en kystvej<br>20’erne er tilbage for at køre den med dig<br>og virkeligheden nærmer sig<br>20'erne er tilbage for at eje den med dig<br>stop believing (stop believing)<br>stop believing (ah, ah)<br>stop believing (stop believing)<br>stop believing<br>og venner ringer tit<br>de si'r, du er gået for vidt<br>og du har så meget at sige<br>men ingen vil høre mer’<br>om hvem du er indeni<br>når det ikk' er det, de ser<br>...","
en p-plads blank af regn
og alting rører dig
præcis som det står skrevet
og som det bli'r fortalt
går du i ét med havet
det gennemlyser alt
tænder radioen på en kystvej
20’erne er tilbage for at køre den med dig
og virkeligheden nærmer sig
20'erne er tilbage for at eje den med dig
stop believing (stop believing)
stop believing (ah, ah)
stop believing (stop believing)
stop believing
og venner ringer tit
de si'r, du er gået for vidt
og du har så meget at sige
men ingen vil høre mer’
om hvem du er indeni
når det ikk' er det, de ser
"
Lis Sørensen - Fuld Af Nattens Stjerner,Lis Sørensen,"jeg ser dem komme, ser dem gå<br>et øjeblik<br>fra de bli'r født, og til de længes væk<br>et øjeblik<br>øjnene der bli'r så fjerne<br>det er ligemeget, hva' du si'r<br>[bro: lis sørensen & <br>sebastian<br>]<br>endnu er sejler moders søn<br>sømand og sejler<br>pakker sit grej og ber sin bøn<br>sømand og sejler<br>rejser sin vej og finder løn<br>ud hvor lykken vender<br>regnbuerne ender<br>til du endelig holder skatten<br>mellem dine hænder<br>i en kiste fuld<br>fuld af guld som hver en dåre blænder<br>fuld af nattens stjerner<br>fuld af alle himlens stjerneskud<br>jeg ser dem komme, ser dem gå<br>et øjeblik<br>og disse dage er som år<br>fra dette øjeblik<br>nætterne der bli'r<br>et mørke, uanset hvor meget du stirrer<br>...","jeg ser dem komme, ser dem gå
et øjeblik
fra de bli'r født, og til de længes væk
et øjeblik
øjnene der bli'r så fjerne
det er ligemeget, hva' du si'r
[bro: lis sørensen & 
sebastian
]
endnu er sejler moders søn
sømand og sejler
pakker sit grej og ber sin bøn
sømand og sejler
rejser sin vej og finder løn
ud hvor lykken vender
regnbuerne ender
til du endelig holder skatten
mellem dine hænder
i en kiste fuld
fuld af guld som hver en dåre blænder
fuld af nattens stjerner
fuld af alle himlens stjerneskud
jeg ser dem komme, ser dem gå
et øjeblik
og disse dage er som år
fra dette øjeblik
nætterne der bli'r
et mørke, uanset hvor meget du stirrer
"
Sanne Salomonsen - Kærligheden Kalder,Sanne Salomonsen,"ensom sjæl<br>et hjerte fuld af længsel<br>gemt bag tremmer<br>i kærlighedens fængsel<br>banker ud til verden<br>uden at få et svar (a-ah-ah)<br>kalenderblade<br>falder og forsvinder<br>som gamle billeder<br>af venner og veninder<br>billeder der pludselig<br>får en krop og en stemme<br>der si'r, jeg aldrig må glemme<br>[omkvæd: sanne salomonsen & <br>kor<br>]<br>kærligheden kalder<br>(<br>kærligheden kalder—<br>) kærligheden kalder på mig igen (<br>uh, uh, uh<br>) (a-ah)<br>kærligheden kalder<br>kærligheden kalder på mig igen (<br>uh, uh, uh<br>) (a-ah)<br>ensom sjæl<br>øjne fyldt med længsel<br>tårer bli'r til tremmer<br>i stolthedens fængsel<br>tårerne der pludselig<br>får en krop og en stemme<br>der si'r, jeg aldrig på glemme<br>...","ensom sjæl
et hjerte fuld af længsel
gemt bag tremmer
i kærlighedens fængsel
banker ud til verden
uden at få et svar (a-ah-ah)
kalenderblade
falder og forsvinder
som gamle billeder
af venner og veninder
billeder der pludselig
får en krop og en stemme
der si'r, jeg aldrig må glemme
[omkvæd: sanne salomonsen & 
kor
]
kærligheden kalder
(
kærligheden kalder—
) kærligheden kalder på mig igen (
uh, uh, uh
) (a-ah)
kærligheden kalder
kærligheden kalder på mig igen (
uh, uh, uh
) (a-ah)
ensom sjæl
øjne fyldt med længsel
tårer bli'r til tremmer
i stolthedens fængsel
tårerne der pludselig
får en krop og en stemme
der si'r, jeg aldrig på glemme
"
Lis Sørensen - Brændt,Lis Sørensen,"nu tænder månen lys i mit kvarter<br>jeg står op, går lidt omkring, ka' ikke sove mer'<br>står ved vinduet og ser<br>den sidste bus, det sidste stoppested<br>og jeg ønsker højt og håber vildt, at det er, du er med<br>og gi'r mit trætte hjerte fred<br>for angsten den gi'r aldrig op<br>når angsten bor i sjæl og krop<br>den flammer op så nemt<br>i hjertet som blev brændt<br>tusind gange før af én som loved' alt<br>og smækkede sin dør, lod mig ligge blå og brændt<br>lille, bange, svag med drømmende brændt af<br>nu 'jeg fuld af tvivl, om du alligevel er den<br>der tænder mig igen og brænder mig igen<br>nu tænder månen lys i mit kvarter<br>jeg vil elskes, ikke svigtes eller brændes mer'<br>så vis mig, hvem du virkelig er<br>...","nu tænder månen lys i mit kvarter
jeg står op, går lidt omkring, ka' ikke sove mer'
står ved vinduet og ser
den sidste bus, det sidste stoppested
og jeg ønsker højt og håber vildt, at det er, du er med
og gi'r mit trætte hjerte fred
for angsten den gi'r aldrig op
når angsten bor i sjæl og krop
den flammer op så nemt
i hjertet som blev brændt
tusind gange før af én som loved' alt
og smækkede sin dør, lod mig ligge blå og brændt
lille, bange, svag med drømmende brændt af
nu 'jeg fuld af tvivl, om du alligevel er den
der tænder mig igen og brænder mig igen
nu tænder månen lys i mit kvarter
jeg vil elskes, ikke svigtes eller brændes mer'
så vis mig, hvem du virkelig er
"
Anne Linnet - Tusind Stykker,Anne Linnet,"<br>man si'r, at over skyerne er himlen altid blå<br>det ka' være svært at forstå, når man ikk' ka' se den<br>og man si'r, at efter stormens pisken kommer solen frem<br>men det hjælper sjældent dem, der er blevet våde<br>for når vennerne forsvinder, og når livet er betrængt<br>ser man alt med ganske andre øjne<br>man øver sig og bliver langsomt bedre til at se<br>og skelne mellem sandheder og løgne<br>man siger jo, at det, der sker, er altid godt for noget<br>og troen har vi fået for at bruge den<br>men man si'r så meget, men ved så lidt, når angsten den tager fat<br>og sjælen mærker illusioner briste<br>for når vennerne forsvinder, og når livet er betrængt<br>ser man alt med ganske andre øjne<br>man øver sig og bliver langsomt bedre til at se<br>og skelne mellem sandheder og løgne<br>...","
man si'r, at over skyerne er himlen altid blå
det ka' være svært at forstå, når man ikk' ka' se den
og man si'r, at efter stormens pisken kommer solen frem
men det hjælper sjældent dem, der er blevet våde
for når vennerne forsvinder, og når livet er betrængt
ser man alt med ganske andre øjne
man øver sig og bliver langsomt bedre til at se
og skelne mellem sandheder og løgne
man siger jo, at det, der sker, er altid godt for noget
og troen har vi fået for at bruge den
men man si'r så meget, men ved så lidt, når angsten den tager fat
og sjælen mærker illusioner briste
for når vennerne forsvinder, og når livet er betrængt
ser man alt med ganske andre øjne
man øver sig og bliver langsomt bedre til at se
og skelne mellem sandheder og løgne
"
Nephew - Superliga,Nephew,<br>jason watt er glad<br>og rasmus trads er flad<br>britney spears er sød<br>og kurt cobain er død<br>michael stipe er vis<br>wesley snipes er fis<br>jimmy floyd er sort<br>oj simpson er spurgt<br>men du' superliga<br>med et world cup smile<br>men du' superliga<br>med et world cup smile<br>men du' superliga<br>du' superliga!<br>katja kean er stram<br>don ø er klam<br>bjarne riis er stum<br>brian steen er dum<br>amdi p er rig<br>pia k er krig<br>johnny cash er sej<br>simon kvamm er mig<br>...,"
jason watt er glad
og rasmus trads er flad
britney spears er sød
og kurt cobain er død
michael stipe er vis
wesley snipes er fis
jimmy floyd er sort
oj simpson er spurgt
men du' superliga
med et world cup smile
men du' superliga
med et world cup smile
men du' superliga
du' superliga!
katja kean er stram
don ø er klam
bjarne riis er stum
brian steen er dum
amdi p er rig
pia k er krig
johnny cash er sej
simon kvamm er mig
"
Ukendt Kunstner - Gennem Byen,Ukendt Kunstner,"gennem byen, kold brise, nyklippet, grønt lys<br>gennem byen, grøn brise, kold klippet, nyt lys<br>kører gennem byen, gennem byen, for jeg—<br>""mennesker ændrer sig"", det var det sidste, du sagd' til mig<br>da jeg tog telefonen og sagd: ""kom tilbage til mig""<br>nu sidder jeg tilbage med en flaske med svage minder<br>tænker på de dage, hvor du sagd', du ville ha' en vinder<br>men hvad er en vinder værd?<br>for når han taber, er han intet mer', intet værd, trods han trodser vind og vejr<br>det våde vintervejr, det gør, jeg føler mindreværd<br>men stadig dukker op til min egen fest som vinterberg<br>gør det kort - la' os få det ud af verden<br>du er naiv, hvis du troed', det vil' gå ubemærket<br>spiller dum, mens du hælder esser ud af ærmet<br>så jeg maler byen rød med mit knuste hjerte<br>gennem byen, kold brise, nyklippet, grønt lys<br>gennem byen, grøn brise, kold klippet, nyt lys<br>kører gennem byen, gennem byen for jeg—<br>gennem byen, kold brise, nyklippet, grønt lys<br>gennem byen, grøn brise, kold klippet, nyt lys<br>kører gennem byen, ge...","gennem byen, kold brise, nyklippet, grønt lys
gennem byen, grøn brise, kold klippet, nyt lys
kører gennem byen, gennem byen, for jeg—
""mennesker ændrer sig"", det var det sidste, du sagd' til mig
da jeg tog telefonen og sagd: ""kom tilbage til mig""
nu sidder jeg tilbage med en flaske med svage minder
tænker på de dage, hvor du sagd', du ville ha' en vinder
men hvad er en vinder værd?
for når han taber, er han intet mer', intet værd, trods han trodser vind og vejr
det våde vintervejr, det gør, jeg føler mindreværd
men stadig dukker op til min egen fest som vinterberg
gør det kort - la' os få det ud af verden
du er naiv, hvis du troed', det vil' gå ubemærket
spiller dum, mens du hælder esser ud af ærmet
så jeg maler byen rød med mit knuste hjerte
gennem byen, kold brise, nyklippet, grønt lys
gennem byen, grøn brise, kold klippet, nyt lys
kører gennem byen, gennem byen for jeg—
gennem byen, kold brise, nyklippet, grønt lys
gennem byen, grøn brise, kold klippet, nyt lys
kører gennem byen, gennem byen for jeg—
"
Anne Linnet - Lille Messias,Anne Linnet,en stjerne på himlen<br>og flere og flere<br>i nat føder himlen<br>med jordiske veer<br>i nat lover himlen<br>at den vil befri os<br>maria på æslet (uh)<br>med lille messias<br>maria skal føde<br>sin glæde med smerte<br>der banker et hjerte<br>bag vinterens hjerte<br>selv kulden og mørket<br>har håb de vil gi' os<br>maria på æslet (uh)<br>med lille messias<br>hun bærer på barnet<br>nu føler hun veen<br>et hjerte så trodsigt<br>som spurvens i sneen<br>en krybbe til vugge<br>for den som skal fri os<br>maria på æslet (uh)<br>med lille messias<br>lille messias<br>...,"en stjerne på himlen
og flere og flere
i nat føder himlen
med jordiske veer
i nat lover himlen
at den vil befri os
maria på æslet (uh)
med lille messias
maria skal føde
sin glæde med smerte
der banker et hjerte
bag vinterens hjerte
selv kulden og mørket
har håb de vil gi' os
maria på æslet (uh)
med lille messias
hun bærer på barnet
nu føler hun veen
et hjerte så trodsigt
som spurvens i sneen
en krybbe til vugge
for den som skal fri os
maria på æslet (uh)
med lille messias
lille messias
"
Nephew - Igen  Igen ,Nephew,<br>mon vi ka' plant' det flag<br>for' rette den her sag?<br>mon i har tabt os bag<br>en vogn fra usa?<br>mon vi bør telepatere?<br>hvem vil vi imponere?<br>mon i vil telefonere<br>til nogen der vil massakrere?<br>men når vi kommer igen for<br>at gør' det igen så<br>så vil i hør' det igen og<br>igen og igen og<br>men når vi kommer igen for<br>at gør' det igen så<br>så vil i hør' det igen og<br>igen og igen og<br>mon vi ska' sendes af sted?<br>mon vi ska' bøjes af le-ed?<br>mon i vil støb' os ned<br>med bly og blod og sved?<br>månen er kæk og rund<br>mon den er stødt på grund?<br>møjsomt er vi i bund<br>nøjsomt er kaspers fund<br>...,"
mon vi ka' plant' det flag
for' rette den her sag?
mon i har tabt os bag
en vogn fra usa?
mon vi bør telepatere?
hvem vil vi imponere?
mon i vil telefonere
til nogen der vil massakrere?
men når vi kommer igen for
at gør' det igen så
så vil i hør' det igen og
igen og igen og
men når vi kommer igen for
at gør' det igen så
så vil i hør' det igen og
igen og igen og
mon vi ska' sendes af sted?
mon vi ska' bøjes af le-ed?
mon i vil støb' os ned
med bly og blod og sved?
månen er kæk og rund
mon den er stødt på grund?
møjsomt er vi i bund
nøjsomt er kaspers fund
"
Anne Linnet - Forårsdag,Anne Linnet,"du ved det sikkert allerinderst inde<br>selvom jeg sjældent bruger store ord<br>du ved, at du er den der gennem livet<br>og stadig i mit hjerte bor<br>jeg ved, at al min sidste tid skal leves<br>jeg ved, at tiden tæller hjertets slag<br>at alt det, vi har grædt igennem livet<br>det svinder på en forårsdag<br>en forårsdag hvor solen bare skinner<br>som da jeg mødte dig den første gang<br>og hele verden svandt - kun solen så os<br>og lavede en stille sang<br>og det er den, jeg endelig har fundet<br>så mange år er gået siden hen<br>vi tænker vel, at noget sku' forandres<br>hvis vi ku' leve alt igen<br>vi tænker vel, at vi gled fra hinanden<br>i årene der hastede forbi<br>og nu er alting stille her i stuen<br>og store ord er svær' at si'<br>men du ved det sikkert allerinderst inde<br>selvom jeg sjælden bruger store ord<br>du ved, at du er den der gennem livet<br>og stadig i mit hjerte bor<br>jeg ved, at al min sidste tid skal leves<br>jeg ved, at tiden tæller hjertets slag<br>at alt det, vi har grædt igennem livet<br>det svinder på en forårsdag<br>ja, alt det, vi har græd...","du ved det sikkert allerinderst inde
selvom jeg sjældent bruger store ord
du ved, at du er den der gennem livet
og stadig i mit hjerte bor
jeg ved, at al min sidste tid skal leves
jeg ved, at tiden tæller hjertets slag
at alt det, vi har grædt igennem livet
det svinder på en forårsdag
en forårsdag hvor solen bare skinner
som da jeg mødte dig den første gang
og hele verden svandt - kun solen så os
og lavede en stille sang
og det er den, jeg endelig har fundet
så mange år er gået siden hen
vi tænker vel, at noget sku' forandres
hvis vi ku' leve alt igen
vi tænker vel, at vi gled fra hinanden
i årene der hastede forbi
og nu er alting stille her i stuen
og store ord er svær' at si'
men du ved det sikkert allerinderst inde
selvom jeg sjælden bruger store ord
du ved, at du er den der gennem livet
og stadig i mit hjerte bor
jeg ved, at al min sidste tid skal leves
jeg ved, at tiden tæller hjertets slag
at alt det, vi har grædt igennem livet
det svinder på en forårsdag
ja, alt det, vi har grædt igennem livet
det svinder på en forårsdag
"
Sanne Salomonsen - Hjem,Sanne Salomonsen,"der er intet, der sker uden en grund<br>var der nogen der fortalte mig, dengang jeg var ung<br>jeg har prøvet alt<br>og selv hver gang jeg faldt, rejste jeg mig op igen<br>og jeg kan vise ar på min krop og på mit sind<br>jeg har prøvet alt<br>jeg har prøvet alt<br>som et vers der fandt sin sang<br>står jeg her, og selvom vejen den var lang<br>så er jeg kommet hjem<br>så er jeg kommet hjem<br>der er intet, der lokker mig tilbage<br>ud af dette øjeblik, denne time, denne dag<br>for jeg er landet her<br>og jeg er præcis, hvor jeg ska' vær'<br>er ved at finde frem til det menneske, jeg er<br>jeg er ikke bange for at fejle mer'<br>lever man, er det jo, hvad der sker<br>som et vers der fandt sin sang<br>står jeg her, og selvom vejen den var lang<br>så er jeg kommet hjem<br>som et vers der fandt sin sang<br>står jeg her, og selvom vejen den var lang<br>så er jeg kommet hjem<br>så er jeg kommet hjem<br>...","der er intet, der sker uden en grund
var der nogen der fortalte mig, dengang jeg var ung
jeg har prøvet alt
og selv hver gang jeg faldt, rejste jeg mig op igen
og jeg kan vise ar på min krop og på mit sind
jeg har prøvet alt
jeg har prøvet alt
som et vers der fandt sin sang
står jeg her, og selvom vejen den var lang
så er jeg kommet hjem
så er jeg kommet hjem
der er intet, der lokker mig tilbage
ud af dette øjeblik, denne time, denne dag
for jeg er landet her
og jeg er præcis, hvor jeg ska' vær'
er ved at finde frem til det menneske, jeg er
jeg er ikke bange for at fejle mer'
lever man, er det jo, hvad der sker
som et vers der fandt sin sang
står jeg her, og selvom vejen den var lang
så er jeg kommet hjem
som et vers der fandt sin sang
står jeg her, og selvom vejen den var lang
så er jeg kommet hjem
så er jeg kommet hjem
"
Kim Larsen - Pianomand,Kim Larsen,"<br>stille blues i mol og maj<br>pianomand, ka' du høre mig?<br>hvordan står det til i de dødes land?<br>det ved du nu - pianomand<br>er der koldt og mørkt i den sorte grav<br>eller stråler himlen som det klareste rav?<br>er der sang og musik i de dødes land<br>og swinger det - pianomand?<br><br>er der fuglesang og bægerklang?<br>er der fest og farver hele natten lang?<br>er der sol over gudhjem i de dødes land<br>eller dybt godnat - pianomand?<br>er der sol over gudhjem i de dødes land?<br>det ved du nu - pianomand<br>...","
stille blues i mol og maj
pianomand, ka' du høre mig?
hvordan står det til i de dødes land?
det ved du nu - pianomand
er der koldt og mørkt i den sorte grav
eller stråler himlen som det klareste rav?
er der sang og musik i de dødes land
og swinger det - pianomand?

er der fuglesang og bægerklang?
er der fest og farver hele natten lang?
er der sol over gudhjem i de dødes land
eller dybt godnat - pianomand?
er der sol over gudhjem i de dødes land?
det ved du nu - pianomand
"
Ukendt Kunstner - Neonlys,Ukendt Kunstner,"<br>uanset hvor jeg er, ser jeg guld og diamanter<br>blinke i lampernes skær<br>bliver jeg berømt og berygtet? elsket eller frygtet?<br>er det egentlig det hele værd?<br> (åh ja, jeg—)<br>jeg ved, det nok ska' gå en dag (oh-oh)<br>jeg får en ugens uundgåelige lige der på p3 (oh-oh)<br>for jeg vil være kendt som ham, der aldrig så tilbage<br>for jeg vil aldrig gå tilbage<br>til min gamle livstil - hver dag er en fest<br>og jeg ved, der ikk' er få tilbage<br>for selvom guldet på min krone si'r, jeg' kongen af min by<br>si'r guldringen på min finger, jeg er gift med hende<br>indtil dommedag vil hun være min sidste ven<br>hun passer på mig, når jeg har brugt min allersidste penge<br>spiller dum og flirter rundt med gifte mænd<br>der si'r de passer på hende, når de propper gift i hende<br>men jeg vil gøre alt for ikk' at miste hende<br>fordi hun står der og smiler under mistelten’<br>fire-firetyv’ år, nørrebro<br>brænder benzin af på h.c. andersens boulevard<br>juu'en gjord' jeg ikk' ku' se klart, helt klart<br>jeg vil lave penge i en fart<br>når jeg vågner ser...","
uanset hvor jeg er, ser jeg guld og diamanter
blinke i lampernes skær
bliver jeg berømt og berygtet? elsket eller frygtet?
er det egentlig det hele værd?
 (åh ja, jeg—)
jeg ved, det nok ska' gå en dag (oh-oh)
jeg får en ugens uundgåelige lige der på p3 (oh-oh)
for jeg vil være kendt som ham, der aldrig så tilbage
for jeg vil aldrig gå tilbage
til min gamle livstil - hver dag er en fest
og jeg ved, der ikk' er få tilbage
for selvom guldet på min krone si'r, jeg' kongen af min by
si'r guldringen på min finger, jeg er gift med hende
indtil dommedag vil hun være min sidste ven
hun passer på mig, når jeg har brugt min allersidste penge
spiller dum og flirter rundt med gifte mænd
der si'r de passer på hende, når de propper gift i hende
men jeg vil gøre alt for ikk' at miste hende
fordi hun står der og smiler under mistelten’
fire-firetyv’ år, nørrebro
brænder benzin af på h.c. andersens boulevard
juu'en gjord' jeg ikk' ku' se klart, helt klart
jeg vil lave penge i en fart
når jeg vågner ser jeg dollartegn
laver dollar-dansen, og håber der kommer dollar-regn
"
Sanne Salomonsen - Den Lille Løgn,Sanne Salomonsen,villavej en mørk entré<br>det et møde han skal til<br>sir' han mens han går fobi<br>angsten som han ikke ser<br>som hun står i døren der<br>så fuld af ord hun ikk tør sig<br>mørket falder byen kalder<br>røde lygter som han flygter mod<br>bare han ku' se at<br>hans lille hem'lighed<br>den lille løgn han lever med<br>det den der skiller dem ad<br>han lille hem'lighed<br>den lille løgn han lever med<br>forvandler kærlighed til had<br>våde gader i han bil<br>det de sultne piger til<br>for at gi ham hvad han vil<br>griber pengene og gør<br>det han tror hun ikke tør<br>hende han aldrig turde spør'<br>...,"villavej en mørk entré
det et møde han skal til
sir' han mens han går fobi
angsten som han ikke ser
som hun står i døren der
så fuld af ord hun ikk tør sig
mørket falder byen kalder
røde lygter som han flygter mod
bare han ku' se at
hans lille hem'lighed
den lille løgn han lever med
det den der skiller dem ad
han lille hem'lighed
den lille løgn han lever med
forvandler kærlighed til had
våde gader i han bil
det de sultne piger til
for at gi ham hvad han vil
griber pengene og gør
det han tror hun ikke tør
hende han aldrig turde spør'
"
The Minds Of 99 - Alle Skuffer Over Tid,The Minds Of 99,"<br>øjne bag lås og slå<br>smiler, når du sover<br>lille lys, dit store liv<br>hvem ved, hva' det bringer?<br>dine former, ja, det slår mig<br>det' din verden, jeg ka' mærk' den<br>jeg vil mere, konvertere<br>det' din verden, jeg ka' mærk' den<br>jeg ka' mærk' den<br>alle skuffer over tid<br>og jeg vil komme til at skuffe dig<br>jeg si'r det, bare så du ved, at<br>alle skuffer over tid, ja<br>alle skuffer over tid<br>alle skuffer over tid<br>ja-a-a, ja-a-a, ja-a-a, ja-a-a<br>ja-a-a, ja-a-a, ja-a-a, ja-a-a<br>...","
øjne bag lås og slå
smiler, når du sover
lille lys, dit store liv
hvem ved, hva' det bringer?
dine former, ja, det slår mig
det' din verden, jeg ka' mærk' den
jeg vil mere, konvertere
det' din verden, jeg ka' mærk' den
jeg ka' mærk' den
alle skuffer over tid
og jeg vil komme til at skuffe dig
jeg si'r det, bare så du ved, at
alle skuffer over tid, ja
alle skuffer over tid
alle skuffer over tid
ja-a-a, ja-a-a, ja-a-a, ja-a-a
ja-a-a, ja-a-a, ja-a-a, ja-a-a
"
Sanne Salomonsen - Uden Dig,Sanne Salomonsen,sidste år ved denne tid<br>gik vi sammen her<br>nu er alle sporene slettet<br>vinden hvisker ikke mere<br>nu du ikke er<br>lige her<br>jeg forstod vist aldrig helt<br>hvorfor du forsvandt<br>var din tvivl for svær at bære?<br>følger du mon drømmen nu<br>om at være nær<br>hvor du er?<br>du ga' livet mening<br>det bli'r svært at bli'e<br>lig' så lykkelig<br>uden dig<br>du ga' livet mening<br>jeg ka' aldrig bli'e<br>nær så lykkelig<br>uden dig<br>at elske<br>...,"sidste år ved denne tid
gik vi sammen her
nu er alle sporene slettet
vinden hvisker ikke mere
nu du ikke er
lige her
jeg forstod vist aldrig helt
hvorfor du forsvandt
var din tvivl for svær at bære?
følger du mon drømmen nu
om at være nær
hvor du er?
du ga' livet mening
det bli'r svært at bli'e
lig' så lykkelig
uden dig
du ga' livet mening
jeg ka' aldrig bli'e
nær så lykkelig
uden dig
at elske
"
Medina - Vi To,Medina,"<br>jeg har set det ske alt for mange gange før<br>jeg har set på det alt, alt for længe<br>og jeg har hørt dig sige de ord så ofte før<br>jeg hørt dig sige dem alt for mange gange<br>men du har dine kneb, og du har taget på mig<br>jeg har prøvet og prøvet på at glemme<br>men jeg er din, og det vil jeg nok altid være<br>for kun hos dig der føler jeg mig hjemme<br>jeg er ikk' så god til kompromis for<br>før jeg mødte dig, der var jeg jo alene<br>og jeg er stadig ved at lære og<br>finde ud af hvordan vi to ka' forenes<br>selvom vi ka' hade på hinanden<br>og selvom du virkelig ka' pis' mig af<br>så vil jeg altid være din, for hey for fan'<br>ja, vi to hører sammen, sammen, sammen, sammen<br>og selvom vi to har helt forskellig smag<br>så skal det ikke skille os ad, det er jo latterligt<br>selvom vi to skændes hver eneste dag<br>så hører vi to sammen, sammen, sammen, sammen, sammen<br>...","
jeg har set det ske alt for mange gange før
jeg har set på det alt, alt for længe
og jeg har hørt dig sige de ord så ofte før
jeg hørt dig sige dem alt for mange gange
men du har dine kneb, og du har taget på mig
jeg har prøvet og prøvet på at glemme
men jeg er din, og det vil jeg nok altid være
for kun hos dig der føler jeg mig hjemme
jeg er ikk' så god til kompromis for
før jeg mødte dig, der var jeg jo alene
og jeg er stadig ved at lære og
finde ud af hvordan vi to ka' forenes
selvom vi ka' hade på hinanden
og selvom du virkelig ka' pis' mig af
så vil jeg altid være din, for hey for fan'
ja, vi to hører sammen, sammen, sammen, sammen
og selvom vi to har helt forskellig smag
så skal det ikke skille os ad, det er jo latterligt
selvom vi to skændes hver eneste dag
så hører vi to sammen, sammen, sammen, sammen, sammen
"
Guldimund - Ikk Endnu,Guldimund,"<br>jeg skreg så højt af dig i dag<br>at jeg ku' se, at du blev bange for mig<br>og dine bange øjne sagde<br>du troede faktisk, at jeg ville slå dig<br>det ku' jeg aldrig gøre<br>det fortæller jeg mig selv, imens jeg tørrer mit spyt af væggen<br>og jeg har i hvert fald ikke gjort det endnu<br>det ku' jeg aldrig gøre<br>det fortæller jeg mig selv, imens du klamrer dig til væggen<br>og jeg har i hvert fald ikke gjort det endnu<br>hah-ahhhh<br>ahhhh<br>ahhh-ahhh-ahhh<br>hah-ahhhh<br>ahhhh<br>ahhh-ahhh-ahhh<br>...","
jeg skreg så højt af dig i dag
at jeg ku' se, at du blev bange for mig
og dine bange øjne sagde
du troede faktisk, at jeg ville slå dig
det ku' jeg aldrig gøre
det fortæller jeg mig selv, imens jeg tørrer mit spyt af væggen
og jeg har i hvert fald ikke gjort det endnu
det ku' jeg aldrig gøre
det fortæller jeg mig selv, imens du klamrer dig til væggen
og jeg har i hvert fald ikke gjort det endnu
hah-ahhhh
ahhhh
ahhh-ahhh-ahhh
hah-ahhhh
ahhhh
ahhh-ahhh-ahhh
"
Zar Paulo - Klap For Fædrelandet,Zar Paulo,"<br>far har købt en bil<br>og cruiser ud på landevejen og vælter<br>mor er blevet hjemme<br>hun ved ikke, hvordan wifi'en tænder<br>klap for fædrelandet<br>klap for fædrelandet<br>klap for fædrelandet<br>klap for fædrelandet<br>bertel drømmer om at lukke<br>grænsen for at pas' på kulturen<br>han spiser drømmekage<br>og spiller poker med sig selv på computer<br>klap for fædrelandet<br>klap for fædrelandet<br>klap for fædrelandet<br>klap for fædrelandet<br>...","
far har købt en bil
og cruiser ud på landevejen og vælter
mor er blevet hjemme
hun ved ikke, hvordan wifi'en tænder
klap for fædrelandet
klap for fædrelandet
klap for fædrelandet
klap for fædrelandet
bertel drømmer om at lukke
grænsen for at pas' på kulturen
han spiser drømmekage
og spiller poker med sig selv på computer
klap for fædrelandet
klap for fædrelandet
klap for fædrelandet
klap for fædrelandet
"
Lis Sørensen - Mine Øjne de Skal Se,Lis Sørensen,"kom nu<br>læg din varme kind<br>indtil min<br>og la' mig hviske: ""jeg er din""<br>lidt endnu<br>huh-uh-uh<br>og læg din varme kind<br>ind til min<br>sig til mig, hva' det er, jeg ska' sig'<br>for at få dig til at bli'<br>kom nu<br>læg din varme krop<br>ind til min<br>og la' mig hviske: ""jeg er din""<br>lidt endnu<br>huh-uh-uh<br>og læg din varme krop<br>ind til min<br>alt afhænger af øjnene, der ser<br>og mine ska' ikke lukkes mer'<br>...","kom nu
læg din varme kind
indtil min
og la' mig hviske: ""jeg er din""
lidt endnu
huh-uh-uh
og læg din varme kind
ind til min
sig til mig, hva' det er, jeg ska' sig'
for at få dig til at bli'
kom nu
læg din varme krop
ind til min
og la' mig hviske: ""jeg er din""
lidt endnu
huh-uh-uh
og læg din varme krop
ind til min
alt afhænger af øjnene, der ser
og mine ska' ikke lukkes mer'
"
Medina - Jalousi,Medina,"<br>hun har langt lyst hår og fregner<br>hendes øjne skinner smukt som diamanter<br>flotte, lange ben, og det rigtige tøj på<br>og sikkert pengepungen fyldt med guldkontanter<br>når hun snakker, lytter alle efter<br>for hun er sjov og alle kigger kun på hende<br>som en engel sendt fra helvedes flammer<br>ta'r hun dig stille væk fra mig<br>men jeg' da ligeglad, jeg' da ligeglad<br>det så'n jeg kommer bedst igennem det her nu<br>ja, jeg' da ligeglad, jeg' da ligeglad<br>det så'n jeg har det bedst, bar' at jeg ku'<br>være ligeglad, jeg' da ligeglad<br>jeg ved, jeg burde stole på du virkelig har mig<br>ikke ligeglad, ikke ligeglad<br>for jeg føler hun er mere spændende end mig<br>i går så jeg hvor'n din' øjne gloede<br>da hun gik forbi og smilte sødt til os to<br>hun sagde, ""hej"" og vinkede på en meget sød måde<br>selv jeg blev fanget i at være lidt betaget<br>det gør mig sindssyg, hun bare smiler<br>når jeg ved hvor populær hos ham hun er<br>som en engel sendt fra helvedes flammer<br>så fucker hun mig langsomt op<br>...","
hun har langt lyst hår og fregner
hendes øjne skinner smukt som diamanter
flotte, lange ben, og det rigtige tøj på
og sikkert pengepungen fyldt med guldkontanter
når hun snakker, lytter alle efter
for hun er sjov og alle kigger kun på hende
som en engel sendt fra helvedes flammer
ta'r hun dig stille væk fra mig
men jeg' da ligeglad, jeg' da ligeglad
det så'n jeg kommer bedst igennem det her nu
ja, jeg' da ligeglad, jeg' da ligeglad
det så'n jeg har det bedst, bar' at jeg ku'
være ligeglad, jeg' da ligeglad
jeg ved, jeg burde stole på du virkelig har mig
ikke ligeglad, ikke ligeglad
for jeg føler hun er mere spændende end mig
i går så jeg hvor'n din' øjne gloede
da hun gik forbi og smilte sødt til os to
hun sagde, ""hej"" og vinkede på en meget sød måde
selv jeg blev fanget i at være lidt betaget
det gør mig sindssyg, hun bare smiler
når jeg ved hvor populær hos ham hun er
som en engel sendt fra helvedes flammer
så fucker hun mig langsomt op
"
